height_Mm,T6000K_p0.01,T6000K_p0.02,T6000K_p0.05,T6000K_p0.1,T6000K_p0.2,T8000K_p0.01,T8000K_p0.02,T8000K_p0.05,T8000K_p0.1,T8000K_p0.2,T10000K_p0.01,T10000K_p0.02,T10000K_p0.05,T10000K_p0.1,T10000K_p0.2,T12000K_p0.01,T12000K_p0.02,T12000K_p0.05,T12000K_p0.1,T12000K_p0.2,T14000K_p0.01,T14000K_p0.02,T14000K_p0.05,T14000K_p0.1,T14000K_p0.2
1,5.4042407,5.0025896,4.5785808,4.3488857,4.3486319,7.1746641,6.2886844,5.4601257,5.2350439,5.1245286,8.6569473,7.4106842,5.8061118,5.5602713,5.7802783,9.7832331,7.7010478,5.4867729,5.3398586,5.6543393,10.599207,7.8481746,5.3749857,5.2334988,5.4384436
2,5.324923,4.9289299,4.5129495,4.2896715,4.2895493,7.0754084,6.1959191,5.3787949,5.1602686,5.0519697,8.5358353,7.2906632,5.7149722,5.4804539,5.697752,9.6299656,7.5615039,5.3982602,5.2629998,5.5758305,10.426319,7.6984657,5.2887947,5.1575759,5.3624206
3,5.2728232,4.8758688,4.4635691,4.2440918,4.2439285,7.0193168,6.1313501,5.3187419,5.1033186,4.9962219,8.4711631,7.2116115,5.6480583,5.4200235,5.6345403,9.5585554,7.4729691,5.3339402,5.2050568,5.5159357,10.337953,7.6051971,5.2265533,5.1005805,5.3046087
4,5.2235989,4.8276005,4.4174305,4.2016089,4.2015183,6.9563228,6.0731236,5.2628113,5.0502703,4.9445331,8.3964609,7.1372626,5.5869239,5.363971,5.5760911,9.4606667,7.3841617,5.2747212,5.1515089,5.4606362,10.227987,7.5100124,5.168191,5.0476331,5.2511775
5,5.181862,4.7838436,4.3769499,4.164437,4.1643297,6.9107403,6.0207164,5.2133498,5.0039,4.8992346,8.3465522,7.0737983,5.5323256,5.3147946,5.5248021,9.4012249,7.3144354,5.2228938,5.1046014,5.4121505,10.15837,7.4355697,5.1181822,5.0016337,5.2044971
6,5.1337219,4.7386069,4.333446,4.1240218,4.1240016,6.8496814,5.9643232,5.160952,4.9536242,4.8501819,8.2704268,7.0005619,5.4749528,5.2618161,5.469418,9.307095,7.2283597,5.1668919,5.0538674,5.3597328,10.043345,7.3429944,5.0628132,4.9513314,5.1537724
7,5.1018196,4.7036964,4.3003466,4.0935202,4.0934856,6.8160425,5.9240429,5.1207168,4.9157506,4.8131975,8.2344715,6.9529166,5.4312385,5.2218217,5.4276576,9.263996,7.1743138,5.1256825,5.015944,5.3203881,9.9922928,7.2858406,5.0229796,4.9141968,5.11598
8,5.0669634,4.6671797,4.2659727,4.0617001,4.0616487,6.7780548,5.8802992,5.0790221,4.8762667,4.7745732,8.1927785,6.9000139,5.3855298,5.1801073,5.3840101,9.2142415,7.1163025,5.0822739,4.9762229,5.2792024,9.9390967,7.2247479,4.9809665,4.8752195,5.0763533
9,5.0261542,4.6295144,4.2290593,4.0271194,4.0271223,6.7275566,5.8334276,5.0348882,4.8334607,4.7327334,8.1303202,6.8391554,5.337468,5.1351508,5.3368291,9.1380473,7.0449525,5.0353448,4.9332369,5.234631,9.8466831,7.14833,4.9344531,4.8325989,5.0332616
10,5,4.6,4.2,4,4,6.7,5.8,5,4.8,4.7,8.1,6.8,5.3,5.1,5.3,9.1,7,5,4.9,5.2,9.8,7.1,4.9,4.8,5
11,4.966256,4.5558137,4.1564791,3.9674864,3.956611,6.6559374,5.7551554,4.9562323,4.7565432,4.6565419,8.0460854,6.7441269,5.2449081,5.0564387,5.2564586,9.0466277,6.944409,4.9558113,4.8563828,5.1564812,9.7363172,7.023118,4.8560982,4.7564467,4.9565054
12,4.9366512,4.5144427,4.1140913,3.9355337,3.9139752,6.6175813,5.7146534,4.9142338,4.7139831,4.6138678,7.9995681,6.6941875,5.1923343,5.0139346,5.2137589,9.0021575,6.8958406,4.9137596,4.813904,5.1138441,9.6873741,6.9525341,4.8140282,4.7139678,4.9138787
13,4.8990818,4.4691153,4.0686108,3.900653,3.8687043,6.5656194,5.667164,4.8680783,4.6677629,4.5677733,7.9331557,6.6323447,5.13521,4.9674797,5.1670495,8.9327888,6.831093,4.8665525,4.7675083,5.0673492,9.6016081,6.8660916,4.7665273,4.6674169,4.8674322
14,4.8671009,4.4261729,4.0269514,3.8698577,3.8277077,6.523053,5.6244201,4.8255687,4.6264999,4.5267431,7.8790473,6.5796646,5.0824463,4.9260297,5.1259392,8.8758907,6.7774662,4.824723,4.7261896,5.0262285,9.5316869,6.7923001,4.7249702,4.6262182,4.826356
15,4.8372363,4.3869024,3.9881407,3.840999,3.7887479,6.4833402,5.5847535,4.7869888,4.5879163,4.4880902,7.8298509,6.5301594,5.0336811,4.887526,5.087515,8.8276303,6.7287055,4.7859452,4.68755,4.9877127,9.4742631,6.7240596,4.6863284,4.5875961,4.7877966
16,4.8114673,4.349832,3.9503586,3.8128125,3.7506279,6.4500523,5.5489678,4.7498681,4.5502885,4.4503316,7.7894055,6.4864302,4.9869992,4.8500816,5.050047,8.7898269,6.6863058,4.7491791,4.6500718,4.9501723,9.432693,6.6621925,4.6495415,4.5501363,4.7502198
17,4.7788906,4.3086441,3.910257,3.7827279,3.7108655,6.4062889,5.5064537,4.7091497,4.5101869,4.4103263,7.7351193,6.4326118,4.9363127,4.8098096,5.0098172,8.735158,6.6330457,4.7082832,4.6098201,4.9099722,9.3680841,6.5895767,4.6088497,4.5099134,4.7100581
18,4.7433853,4.2656015,3.8679229,3.7502749,3.6690319,6.3563035,5.4613187,4.6656319,4.4672315,4.367633,7.668805,6.3742052,4.8829664,4.7665392,4.9664773,8.6621692,6.5713835,4.6644306,4.5667219,4.8668218,9.2765672,6.5075889,4.564718,4.4667324,4.6669986
19,4.7212027,4.2325159,3.8337588,3.7249694,3.6342633,6.3273083,5.430399,4.6326162,4.4333959,4.3335719,7.6332268,6.3367158,4.8411379,4.7330413,4.9329968,8.6296931,6.5348655,4.6318839,4.5331027,4.8331646,9.2367644,6.452567,4.5320234,4.4330968,4.6332476
20,4.7,4.2,3.8,3.7,3.6,6.3,5.4,4.6,4.4,4.3,7.6,6.3,4.8,4.7,4.9,8.6,6.5,4.6,4.5,4.8,9.2,6.4,4.5,4.4,4.6
21,4.6741804,4.1751323,3.7669148,3.667488,3.5781656,6.2733751,5.3628577,4.5658325,4.3563913,4.2673038,7.5731273,6.2613982,4.7651689,4.6561334,4.8563856,8.5622903,6.4511571,4.5548971,4.4668361,4.76707,9.1659217,6.352209,4.4661661,4.3669674,4.5671276
22,4.658834,4.1585063,3.7374431,3.6374055,3.5585188,6.2595734,5.3376414,4.5377592,4.3162417,4.237536,7.5616062,6.2380487,4.7375579,4.6163945,4.8164513,8.5433935,6.4180069,4.5161607,4.4375818,4.7376442,9.1489978,6.3186329,4.4376562,4.3376047,4.5376126
23,4.6369599,4.1370482,3.7055474,3.605578,3.5370692,6.2378964,5.3055321,4.5057069,4.2738069,4.205557,7.5405102,6.2050753,4.7054757,4.5739389,4.7739697,8.5128047,6.3748814,4.473593,4.4055477,4.7055837,9.1148781,6.2750549,4.4054214,4.3055415,4.5055632
24,4.6102734,4.1121637,3.6719154,3.5723574,3.5141428,6.206212,5.2686763,4.4708964,4.2296364,4.1718092,7.5023559,6.1648915,4.6701505,4.5294606,4.7295214,8.458017,6.3222846,4.4281752,4.3713445,4.6714539,9.0555521,6.2217602,4.370204,4.2713299,4.4715155
25,4.5982707,4.097491,3.6451732,3.5450543,3.4968099,6.1981457,5.2467094,4.4456061,4.1930805,4.1451133,7.4986797,6.1469973,4.6455154,4.4933109,4.693339,8.4484458,6.2953722,4.3932611,4.3452033,4.6452247,9.0486322,6.1945622,4.3451868,4.2451587,4.4451809
26,4.5815737,4.0802578,3.6175429,3.5171716,3.4787965,6.1830087,5.2202387,4.4186968,4.1557861,4.1176258,7.4855676,6.1219616,4.6187263,4.4562164,4.6562947,8.4276076,6.2615121,4.3564468,4.3179241,4.6180048,9.0294302,6.1610535,4.3183257,4.2178782,4.4178879
27,4.5621325,4.0606485,3.5887275,3.4885256,3.4599329,6.164126,5.1907166,4.3897416,4.1174908,4.0891236,7.4677082,6.0926905,4.5898268,4.4178977,4.6181046,8.4007909,6.2230932,4.3180043,4.289376,4.5895429,9.003285,6.1237346,4.2898218,4.189382,4.3894203
28,4.541622,4.041158,3.5599128,3.4596853,3.4407298,6.1455536,5.1609529,4.3608821,4.0790935,4.0602797,7.4506835,6.0626455,4.5608146,4.3794431,4.579622,8.3717604,6.1836859,4.2793706,4.2604939,4.5606733,8.9786867,6.0849199,4.2608936,4.160516,4.3605543
29,4.5283879,4.0261358,3.5327922,3.4319972,3.4225326,6.1343637,5.1383491,4.3349911,4.04234,4.0328086,7.4421607,6.0422011,4.5355099,4.342967,4.5428966,8.3598196,6.1546248,4.2441335,4.2335179,4.533456,8.9652915,6.0548653,4.2347916,4.1334538,4.3332827
30,4.5,4,3.5,3.4,3.4,6.1,5.1,4.3,4,4,7.4,6,4.5,4.3,4.5,8.3,6.1,4.2,4.2,4.5,8.9,6,4.2,4.1,4.3
31,4.4824425,3.9809464,3.4824508,3.3833085,3.3833092,6.0824568,5.0775487,4.2781129,3.9799122,3.9799474,7.38135,5.9734383,4.4769209,4.2786963,4.477485,8.2769737,6.0710104,4.1787408,4.1796521,4.4786001,8.8723655,5.9705779,4.1790048,4.0801755,4.2796617
32,4.4685056,3.9651944,3.4661243,3.3671433,3.3670967,6.0690571,5.0594386,4.2586274,3.9606759,3.9605307,7.3674637,5.9522508,4.4563197,4.2584897,4.4557845,8.259896,6.0471951,4.1592665,4.1603102,4.4580245,8.851627,5.9456532,4.1594551,4.0612423,4.260087
33,4.4397299,3.9382258,3.4448186,3.3476046,3.3475951,6.037698,5.0250729,4.2306701,3.9368323,3.9369146,7.331809,5.9092844,4.4261235,4.2327791,4.4290039,8.212842,6.0009228,4.1316703,4.1355392,4.4323804,8.797126,5.900391,4.1325818,4.0371307,4.2356654
34,4.4238553,3.9215321,3.4283309,3.3315273,3.3315015,6.0207667,5.0052204,4.2106773,3.9176361,3.9176546,7.3128724,5.8853864,4.4050461,4.2125809,4.4074746,8.1929992,5.9742622,4.1118322,4.1162012,4.4119412,8.7734445,5.8730099,4.1127279,4.0182033,4.2162089
35,4.4039751,3.9014864,3.4100582,3.3141109,3.31409,5.9988783,4.9810724,4.1878401,3.8966651,3.8967166,7.2879428,5.8553862,4.3808593,4.1903128,4.3839244,8.1623848,5.9411717,4.0893062,4.0948503,4.3895101,8.7375411,5.8400951,4.0903766,3.9973315,4.1948477
36,4.3870598,3.8833727,3.3922819,3.2967619,3.2967146,5.9810367,4.9597476,4.1661691,3.8759043,3.8758499,7.2680441,5.8296522,4.3579175,4.168358,4.3604942,8.1376883,5.9126721,4.0677535,4.0738088,4.3672181,8.7081391,5.8102458,4.0687773,3.9767199,4.1736127
37,4.3631985,3.8604112,3.3722542,3.2779421,3.2779405,5.952111,4.9312348,4.1406917,3.8531283,3.8532318,7.2321572,5.7941154,4.3309447,4.1440646,4.3349826,8.0926223,5.8723907,4.0427249,4.0504733,4.3428422,8.6558222,5.7696141,4.0438715,3.9538667,4.1503603
38,4.3432762,3.8407597,3.3540572,3.260334,3.2603304,5.9287722,4.9069498,4.1181915,3.832007,3.8320806,7.2026299,5.764102,4.3068953,4.1216639,4.3112236,8.0541213,5.8385237,4.0201052,4.02891,4.3201857,8.6095505,5.7345996,4.0212378,3.9327235,4.1287488
39,4.3234115,3.820063,3.3367352,3.2443088,3.2443402,5.9098133,4.8819044,4.0958489,3.8125846,3.8128328,7.1804696,5.7342137,4.283317,4.1008773,4.289487,8.0266529,5.8066713,3.9988101,4.0090693,4.2994642,8.5769357,5.7031476,4.0004448,3.9134608,4.1090765
40,4.3055235,3.801992,3.3206582,3.2289393,3.2289644,5.8906856,4.8597407,4.0757142,3.7941339,3.7943936,7.161369,5.7073995,4.2618738,4.081275,4.268768,8.0031894,5.7775965,3.9789744,3.9902751,4.2797392,8.5458321,5.6741186,3.9808574,3.8951343,4.0903231
41,4.2928707,3.7880574,3.3060584,3.2144995,3.2144953,5.8776802,4.8435544,4.0583173,3.7769858,3.7771277,7.1470522,5.6880709,4.24364,4.0632928,4.249488,7.9854696,5.75567,3.9617084,3.9730955,4.2614689,8.5278851,5.6512642,3.9634628,3.8783044,4.0729476
42,4.2742069,3.7696971,3.2896924,3.198885,3.1988817,5.8568645,4.8210495,4.0377981,3.7582322,3.7584018,7.1228691,5.6601071,4.2218402,4.0433617,4.2284335,7.9557571,5.7251064,3.94147,3.9539793,4.2414129,8.4933047,5.6207733,3.9434245,3.8596375,4.0538671
43,4.2548965,3.7506932,3.272745,3.1827618,3.1827636,5.8354226,4.7975339,4.0165208,3.7388349,3.7390402,7.0981188,5.6315256,4.1992631,4.0227232,4.2066172,7.9253604,5.6933914,3.9205014,3.9341811,4.2206195,8.4578823,5.5891727,3.9226717,3.8402974,4.0340782
44,4.2356578,3.7315216,3.2555108,3.1661522,3.1661361,5.8142125,4.7739003,3.994962,3.7188963,3.7190492,7.0734122,5.6024599,4.1761922,4.0014736,4.1840729,7.8946782,5.6617875,3.8990193,3.9137524,4.199107,8.4219935,5.5570934,3.9013397,3.8203237,4.013594
45,4.2168276,3.7131094,3.238857,3.150363,3.1503773,5.7914707,4.7513226,3.9740694,3.6999052,3.7001658,7.0454614,5.5740745,4.1543123,3.9813189,4.1628416,7.8599843,5.6299969,3.8786877,3.8944677,4.1788753,8.3819965,5.5254215,3.8810176,3.8014405,3.9943268
46,4.1936358,3.6902862,3.2199527,3.1327803,3.1328584,5.7656861,4.722881,3.9496689,3.6786014,3.6790762,7.0131446,5.5391863,4.1284757,3.9585056,4.1389994,7.8141568,5.5917876,3.8551069,3.872575,4.1560631,8.3269914,5.4867965,3.8577377,3.7800715,3.9725944
47,4.1790927,3.6752462,3.2059651,3.1192111,3.1192732,5.7505962,4.7045926,3.9324414,3.6624109,3.6628479,6.9962378,5.5173306,4.1101904,3.9413759,4.1208063,7.7962485,5.5680177,3.8381223,3.8561836,4.1387743,8.3024744,5.4628996,3.8408894,3.7640846,3.9561749
48,4.1605652,3.6568621,3.19039,3.1045286,3.1045988,5.7306295,4.6819651,3.912579,3.6447331,3.6452328,6.9733756,5.4895643,4.0890907,3.9224874,4.1009291,7.7680076,5.5382743,3.818804,3.8380881,4.1198193,8.2694994,5.4336403,3.8219106,3.7464678,3.9381682
49,4.1476834,3.6432053,3.1769061,3.0913768,3.0914353,5.7168628,4.6657284,3.8962067,3.6290881,3.6295491,6.9576607,5.4699757,4.0719729,3.9060187,4.0833942,7.7485076,5.5164399,3.8027761,3.8223739,4.1031855,8.249463,5.4113411,3.8058608,3.7311057,3.9223669
50,4.1334176,3.6285945,3.1627699,3.0774731,3.0774995,5.7017578,4.6479078,3.8790306,3.6125446,3.6128954,6.9404456,5.4487494,4.0536521,3.8885343,4.0647106,7.7272745,5.4925555,3.78555,3.8056022,4.0854221,8.2244538,5.3871432,3.7886615,3.7147043,3.9054783
51,4.1193104,3.6137473,3.1488571,3.0641132,3.0641424,5.6868235,4.6301608,3.8617928,3.5965838,3.5969575,6.9236101,5.427442,4.0356906,3.8716549,4.0468404,7.7064281,5.4692095,3.7689394,3.7895118,4.0684462,8.1997926,5.363614,3.7721399,3.6990064,3.8893601
52,4.1052672,3.5990721,3.1343434,3.0498081,3.0498033,5.6722333,4.6124756,3.844224,3.5795547,3.579798,6.9072842,5.4059267,4.0169966,3.8536446,4.0275496,7.6861738,5.4455384,3.7513083,3.7722417,4.050098,8.1756965,5.339203,3.7544904,3.6821019,3.8719091
53,4.0814042,3.5772527,3.1171698,3.033948,3.0339855,5.644698,4.5843028,3.8217326,3.5603382,3.5607669,6.8738113,5.370497,3.993048,3.8329641,4.0059784,7.6417524,5.4074356,3.7294879,3.75237,4.0294437,8.1249004,5.3021524,3.733076,3.6627332,3.852258
54,4.0630805,3.5595511,3.1019097,3.0195663,3.0196293,5.6233422,4.5621291,3.8023175,3.5430419,3.5435747,6.8479675,5.3430141,3.9726267,3.8145218,3.9866027,7.6125433,5.3775524,3.7107242,3.7347184,4.0109579,8.0882305,5.2726658,3.7144915,3.6455035,3.8346805
55,4.0453184,3.5419375,3.085949,3.0042462,3.0043395,5.6021751,4.5404135,3.7824039,3.5246843,3.5252916,6.8198295,5.3162546,3.9515961,3.7950465,3.9660514,7.5750293,5.3477224,3.6912124,3.7160319,3.991338,8.0430678,5.2421921,3.694981,3.6272073,3.8159876
56,4.0296155,3.5260809,3.07219,2.991166,2.9912608,5.5858562,4.5207106,3.7649942,3.5090022,3.5096378,6.8013614,5.2926334,3.9331589,3.7783224,3.9484029,7.5521264,5.3225665,3.674354,3.7000364,3.9745237,8.0161732,5.2174443,3.6783984,3.6116472,3.8000342
57,4.0158723,3.5122871,3.059366,2.9787983,2.9788896,5.5705776,4.5037619,3.7491407,3.4942599,3.4948963,6.7833574,5.2722383,3.916524,3.7627207,3.9318732,7.5298476,5.2998707,3.6588954,3.6851378,3.9588152,7.993008,5.1947438,3.6630185,3.5971037,3.7851218
58,4.0021907,3.4984851,3.0466036,2.9663555,2.9664258,5.5559189,4.4867173,3.733426,3.4794565,3.4800357,6.7663773,5.2516256,3.8998042,3.7470343,3.9151971,7.5089026,5.2774723,3.6433402,3.6701145,3.9429548,7.9685227,5.1723819,3.6475668,3.5824464,3.770065
59,3.9895659,3.4854838,3.0342721,2.9544286,2.9544954,5.5431083,4.4711497,3.7182478,3.465265,3.4658437,6.7519057,5.2330419,3.8839936,3.7320481,3.899304,7.4909586,5.2571876,3.628707,3.6558376,3.9278676,7.9472502,5.1519623,3.6330019,3.5685262,3.7557555
60,3.9755808,3.4709942,3.0208199,2.9413963,2.9414491,5.5285289,4.4535248,3.7016202,3.4497146,3.4502514,6.7375035,5.2117473,3.8664116,3.7155374,3.8817454,7.4702908,5.2339393,3.6123962,3.6400459,3.9111545,7.9227647,5.1286967,3.6167938,3.5531164,3.739887
61,3.9593979,3.4554103,3.0074934,2.9287538,2.9288176,5.5113859,4.4338967,3.6847474,3.4345765,3.4351755,6.7157798,5.1877329,3.8486133,3.6994204,3.864781,7.4437296,5.2085595,3.5960491,3.6246247,3.8949888,7.8922485,5.1036206,3.6006712,3.5380939,3.7245416
62,3.9409435,3.4377653,2.9929001,2.9149496,2.9150175,5.4909258,4.4116163,3.6660584,3.4179884,3.4186262,6.6917108,5.1601792,3.8286918,3.6816387,3.8460495,7.4166894,5.1793588,3.5778014,3.6075573,3.8770889,7.8581706,5.0752969,3.5827432,3.5214696,3.7075379
63,3.921636,3.42002,2.9782461,2.9011176,2.901204,5.4674154,4.3887521,3.6473025,3.4013633,3.4020815,6.6619075,5.1314106,3.8087449,3.6638563,3.8273509,7.3796251,5.1482315,3.5594438,3.5904755,3.8592141,7.8159533,5.0448733,3.5645851,3.5047919,3.6905412
64,3.9094766,3.4070849,2.96562,2.8888106,2.8888934,5.4540148,4.373332,3.6319024,3.3867285,3.3874282,6.6458971,5.1126802,3.7926706,3.6484027,3.810917,7.3594919,5.1272979,3.5444601,3.5757337,3.8435886,7.7923011,5.0235848,3.5495469,3.490377,3.6757008
65,3.896264,3.3931783,2.9523886,2.8760089,2.8761228,5.4382348,4.3566662,3.6156256,3.3714918,3.3722447,6.6242549,5.0927927,3.7757714,3.6323158,3.7939038,7.3301399,5.104389,3.528772,3.5603831,3.8273915,7.757109,4.9995405,3.5337548,3.4753524,3.6603024
66,3.8822893,3.379321,2.9392238,2.8630439,2.8631322,5.4228275,4.3393876,3.5995604,3.3560741,3.3567299,6.6058122,5.0715308,3.7585726,3.6159585,3.7764376,7.306838,5.0809582,3.5125989,3.5446727,3.8107447,7.7317171,4.9762355,3.5175907,3.4599799,3.6444735
67,3.8646706,3.3627014,2.9267091,2.8515828,2.8517086,5.4029751,4.3180323,3.5830086,3.3422637,3.3430995,6.5842142,5.045741,3.7412297,3.6011242,3.7610595,7.2780417,5.0545666,3.4971157,3.5305099,3.7960591,7.6990202,4.9512309,3.5025705,3.4462647,3.6305654
68,3.8591861,3.3547249,2.9166438,2.8413513,2.8414445,5.3990018,4.3098199,3.571519,3.3302641,3.3309728,6.5809249,5.0365526,3.7294348,3.5886422,3.7475724,7.2733199,5.0433813,3.4858945,3.5186956,3.7833288,7.6920073,4.9388011,3.4911211,3.434706,3.6185069
69,3.8392631,3.3369104,2.9030579,2.8286625,2.828768,5.3767496,4.2863092,3.5537602,3.314995,3.3157891,6.552353,5.0073752,3.7103868,3.5722036,3.7303671,7.238535,5.0130454,3.4685692,3.5028793,3.7668589,7.6527866,4.9099894,3.4742215,3.4193292,3.6028739
70,3.8315356,3.327484,2.8923579,2.8178772,2.8179448,5.3697634,4.2757381,3.5412511,3.3022918,3.302952,6.5449795,4.9948788,3.6973113,3.5588811,3.7160143,7.2287706,4.9987062,3.4561672,3.4902017,3.7532643,7.6402914,4.8945691,3.4616637,3.406926,3.589985
71,3.8167358,3.3127036,2.8800714,2.8062765,2.8063551,5.3539787,4.2574713,3.5255579,3.2884036,3.2891311,6.5267938,4.9728783,3.6808141,3.544047,3.7004267,7.2088018,4.9757045,3.4412198,3.4760417,3.7383991,7.6144085,4.8722778,3.4469982,3.393173,3.5758997
72,3.7975275,3.2957423,2.8667267,2.7937572,2.7938518,5.3308127,4.2350171,3.5083001,3.2733509,3.2741715,6.4980965,4.9446355,3.6624022,3.5279116,3.6834925,7.173978,4.9461006,3.4243237,3.4605172,3.7221976,7.5753113,4.8440985,3.430431,3.3780489,3.5605113
73,3.7829957,3.2815662,2.8545605,2.7821595,2.7822628,5.3141904,4.2172274,3.492938,3.2594917,3.2603679,6.4777522,4.9231385,3.6462421,3.5131614,3.6679479,7.1487424,4.9228665,3.4095155,3.4464176,3.7073746,7.5463386,4.8213494,3.4157839,3.3643134,3.54645
74,3.7699895,3.2686487,2.8428914,2.7708829,2.7709855,5.2992245,4.2011829,3.4784589,3.2460715,3.2469649,6.4592979,4.9035133,3.6310171,3.4989373,3.6528969,7.1257641,4.9015753,3.3954349,3.4328231,3.6930395,7.5198333,4.8002286,3.4017661,3.3510504,3.5328489
75,3.7588223,3.25716,2.8315107,2.759691,2.7597829,5.2860878,4.187313,3.4646918,3.2328131,3.2336715,6.4446338,4.8863626,3.6165966,3.4849525,3.6380013,7.1048202,4.8821827,3.3819017,3.419472,3.6788748,7.4978415,4.7804652,3.3881301,3.3379855,3.5194022
76,3.7419724,3.2411955,2.8183784,2.7472694,2.7473837,5.2674027,4.1669024,3.4478829,3.2179221,3.2188745,6.4198153,4.8613468,3.5988746,3.4690423,3.6212835,7.0737537,4.8557321,3.3656978,3.4042198,3.6628872,7.4622269,4.7546823,3.3721408,3.323119,3.5042194
77,3.732577,3.2300102,2.8065133,2.7354625,2.7355608,5.257871,4.1541612,3.4337213,3.2039498,3.2048244,6.4073438,4.8462826,3.5840726,3.4543047,3.6055159,7.0554694,4.8381112,3.3518056,3.3901736,3.647888,7.4384167,4.7356901,3.3580669,3.3093669,3.489976
78,3.7126417,3.2128533,2.7940497,2.7239562,2.7240813,5.233505,4.1311757,3.4172307,3.1900829,3.1911045,6.3767253,4.8174412,3.566475,3.4393747,3.5899675,7.0185946,4.8086139,3.3358792,3.3758058,3.632988,7.3975537,4.7082946,3.342582,3.2954109,3.475841
79,3.7007496,3.2005633,2.78343,2.7138489,2.7139795,5.2209929,4.116106,3.4038324,3.1780358,3.1791061,6.3622038,4.799513,3.5525306,3.4265608,3.5764748,7.0026838,4.7899244,3.3232071,3.3636157,3.6201466,7.3764093,4.6898485,3.3300836,3.2835692,3.4636902
80,3.6923602,3.1915051,2.7735032,2.7038622,2.7039623,5.2119359,4.1053766,3.3921808,3.1662853,3.1672499,6.3514593,4.7863349,3.5402637,3.4142251,3.5632181,6.9891556,4.7747847,3.3115294,3.3518465,3.6075725,7.3602111,4.6742009,3.3182795,3.2720517,3.4517679
81,3.677372,3.1773931,2.7620417,2.6929959,2.6931021,5.1948457,4.0872223,3.3775261,3.153289,3.1543094,6.3306664,4.7641259,3.5247437,3.4003336,3.5486032,6.9637183,4.7516259,3.2973754,3.3385435,3.5936145,7.3313208,4.6520021,3.3043757,3.2591165,3.4385406
82,3.6636677,3.1644458,2.7511017,2.6825662,2.6826789,5.1788731,4.0706817,3.3637088,3.1408484,3.1419236,6.3111306,4.7440339,3.5102136,3.387101,3.5346623,6.9399545,4.7302518,3.2840408,3.3258904,3.5803211,7.3043882,4.6313654,3.2912149,3.2468,3.4259426
83,3.651129,3.1519202,2.7403776,2.6722976,2.6724101,5.1653752,4.0550117,3.3502046,3.128618,3.1297211,6.2970946,4.7252517,3.4960126,3.374079,3.5209209,6.9204856,4.7105911,3.2710793,3.3134607,3.567224,7.2819365,4.6122932,3.2784394,3.2347187,3.4135427
84,3.6413391,3.1415991,2.7300265,2.6620643,2.6621575,5.1549628,4.0425404,3.3377414,3.1165195,3.1175621,6.2849739,4.7100715,3.4828911,3.3613034,3.5072716,6.905363,4.6938134,3.2587893,3.3012688,3.5542458,7.2640208,4.5953923,3.2661283,3.2228139,3.4012414
85,3.6294315,3.1294281,2.7192967,2.6517202,2.6518084,5.1431365,4.0275052,3.3243084,3.1042154,3.1052673,6.2697609,4.692037,3.4687945,3.3482106,3.4934263,6.8863145,4.6746534,3.2458813,3.2887767,3.5410491,7.2439724,4.5765706,3.2533449,3.2106587,3.3887441
86,3.6102645,3.1129742,2.7068802,2.6400935,2.6402027,5.1185088,4.0054522,3.3081422,3.0902541,3.0914184,6.2376004,4.6641126,3.4515744,3.3332249,3.4777386,6.8471925,4.6455468,3.2301278,3.2743492,3.5260096,7.2006566,4.5490099,3.2378637,3.196599,3.3744638
87,3.6025624,3.1037056,2.6972303,2.6305864,2.6306882,5.1107771,3.995117,3.2965792,3.0790397,3.080181,6.2285761,4.6518594,3.4396799,3.3214288,3.4651781,6.8353495,4.6316534,3.2190875,3.263169,3.5140911,7.1861463,4.5345664,3.2267401,3.1856936,3.3631832
88,3.5900229,3.0908526,2.686023,2.6198138,2.6199198,5.0968361,3.9793113,3.2825313,3.0662079,3.0673812,6.2113942,4.6328321,3.4249506,3.3077652,3.4507455,6.8137145,4.6113554,3.2056067,3.2501242,3.5003119,7.1610663,4.5145611,3.2133595,3.1729862,3.3501221
89,3.5749573,3.0765182,2.6737345,2.6080365,2.608166,5.0780614,3.9610556,3.267085,3.0521635,3.0534135,6.1855719,4.6103552,3.408728,3.2928224,3.4350143,6.7816762,4.5870872,3.1906258,3.2357997,3.4852613,7.1208222,4.4902068,3.1984206,3.1589877,3.3358187
90,3.5634517,3.0649127,2.6634782,2.5981113,2.5982319,5.065596,3.9466783,3.2543087,3.0403658,3.0416035,6.1705751,4.5928892,3.3952476,3.2802565,3.421684,6.7629269,4.5685901,3.1782234,3.223801,3.4725511,7.0990259,4.4719399,3.1861267,3.1473074,3.3237864
91,3.5481665,3.0516611,2.6530672,2.5882308,2.5883565,5.0463609,3.9289736,3.2409772,3.0285759,3.0298692,6.145955,4.5707983,3.3810679,3.2676553,3.4084461,6.7333562,4.5455119,3.1651824,3.2116945,3.4598939,7.0663779,4.4501276,3.1733041,3.1355202,3.311788
92,3.5400391,3.0428322,2.6442356,2.5795181,2.5796314,5.037727,3.9184549,3.2303531,3.0183061,3.0195735,6.1375052,4.5582039,3.3700011,3.2568446,3.396939,6.7206396,4.5316666,3.1548796,3.2014178,3.4489714,7.0512881,4.4362994,3.162989,3.1255072,3.3014572
93,3.5351615,3.0353133,2.6358015,2.5710561,2.5711436,5.0355724,3.9105747,3.2204425,3.0083733,3.009564,6.1370692,4.5498888,3.359738,3.2464069,3.3857521,6.71927,4.522302,3.1454211,3.1915589,3.438378,7.0478657,4.4262491,3.1535107,3.115932,3.2914609
94,3.5236342,3.0242331,2.6255971,2.5610751,2.5611473,5.0229394,3.8965861,3.2078952,2.9965373,2.9976869,6.1200106,4.5322738,3.3464358,3.2338218,3.372352,6.6980594,4.5031083,3.1329883,3.1795118,3.425597,7.0235464,4.4073843,3.1411041,3.104169,3.2793473
95,3.5040766,3.0075265,2.6143372,2.5508194,2.5509243,4.9988143,3.8739379,3.1927046,2.9841745,2.9854997,6.0895789,4.5043995,3.3303561,3.2204595,3.3585141,6.6618927,4.4755498,3.1186536,3.1666678,3.412309,6.9841038,4.3821654,3.127255,3.0917292,3.2667648
96,3.4909014,2.9957289,2.604429,2.5412948,2.5413994,4.9824701,3.8585484,3.1802671,2.9728579,2.9742074,6.0688964,4.4849723,3.3171925,3.2084167,3.3458011,6.6371031,4.4552423,3.1064651,3.1551199,3.4001706,6.9585224,4.3627694,3.1152021,3.0804764,3.2552614
97,3.4842809,2.9876099,2.5957789,2.532712,2.5328031,4.9761203,3.8494221,3.1699748,2.9627628,2.9640772,6.0617215,4.4743042,3.3065762,3.197804,3.3344845,6.62757,4.4431404,3.0965955,3.1450689,3.3894358,6.9465641,4.350181,3.1052638,3.0706826,3.245115
98,3.4718788,2.976146,2.5856512,2.5228529,2.5229339,4.9611996,3.8345917,3.1574307,2.9510666,2.9523632,6.0429252,4.4557099,3.2932342,3.1853578,3.3212719,6.606564,4.4233638,3.0841691,3.1331328,3.376818,6.9207908,4.3310284,3.0929195,3.0590386,3.2331549
99,3.4577783,2.9632122,2.5752128,2.5128841,2.5129673,4.9437745,3.8178115,3.1441459,2.9391871,2.9405275,6.0202607,4.43491,3.2791714,3.1726579,3.3079025,6.5786689,4.4015637,3.0712958,3.1209631,3.3640265,6.8895631,4.3100768,3.0801915,3.0471893,3.2210364
100,3.4484143,2.9533225,2.5658407,2.5037176,2.5037917,4.9336622,3.8058194,3.132691,2.9283481,2.9296716,6.0081989,4.4204552,3.2671994,3.1611715,3.295702,6.5636234,4.3859726,3.0602209,3.1100219,3.3524041,6.8719771,4.2945959,3.0691445,3.0365309,3.2100372
